{
  "federico": [
    0.7799332539240519,
    0.007482134426633517,
    0.3348463674386342,
    -0.0021006225142627954,
    0.06960764278968175,
    0.007231377686063449,
    -0.0240531163290143,
    0.006564501362542312,
    -0.04017660953104496,
    -0.014741110460211834,
    0.018476204946637154,
    -0.003654571686638519,
    0.360203355550766,
    0.18781006336212158,
    0.1789037436246872,
    0.1386328066388766,
    0.1201958879828453,
    0.09420464684565862,
    0.08057405054569244,
    0.06671524420380592,
    0.06448547293742497,
    0.0664312019944191,
    0.049693647772073746,
    0.05376864473025004
  ],
  "pablo": [
    0.8249767422676086,
    -0.031110850473244984,
    0.335741659005483,
    -0.1335723102092743,
    0.08503881345192592,
    -0.05651905635992686,
    0.025661096500698477,
    -0.0037387205132593713,
    -0.0101694423550119,
    0.019988632450501125,
    -0.013807129114866257,
    -0.0035811818670481443,
    0.2357253928979238,
    0.16142557561397552,
    0.16442940135796866,
    0.12799734622240067,
    0.09266985456148784,
    0.09975706537564595,
    0.0885895515481631,
    0.06826555480559666,
    0.08225368956724803,
    0.06432700157165527,
    0.06003682191173235,
    0.05980808287858963
  ],
  "ari": [
    0.7842094898223877,
    0.07059017817179362,
    0.348278949658076,
    0.049114471301436424,
    0.06557164465387662,
    -0.08107806990544002,
    0.038066308945417404,
    -0.02176275880386432,
    0.02996617928147316,
    0.029051994283994038,
    0.01676669903099537,
    0.012421965909500917,
    0.2947903474171956,
    0.21270705262819925,
    0.16753011445204416,
    0.12339762101570766,
    0.12355185548464458,
    0.1190912276506424,
    0.09127864241600037,
    0.08789590497811635,
    0.07560354967912038,
    0.06416549161076546,
    0.0652611826856931,
    0.053597877422968544
  ]
}